run_id;fetched_at;spot_key;model_key;status;http_status;error_message;hours_written;nulls_replaced_by_zero;grid_latitude;grid_longitude;grid_elevation_m
2026-08-19T14:00:00+02:00;2026-08-19T14:17:13+02:00;cap_des_seselets;AROMEHD;ok;;;60;0;45.66;5.879999;0.0
2026-08-19T14:00:00+02:00;2026-08-19T14:17:13+02:00;cap_des_seselets;ARPEGE;ok;;;96;0;45.800003;5.799999;394.0
2026-08-19T14:00:00+02:00;2026-08-19T14:17:13+02:00;cap_des_seselets;ICONCH1;ok;;;45;0;45.66424;5.878174;0.0
2026-08-19T14:00:00+02:00;2026-08-19T14:17:13+02:00;cap_des_seselets;ICONCH2;ok;;;120;0;45.66424;5.878174;0.0
2026-08-19T14:00:00+02:00;2026-08-19T14:17:13+02:00;cap_des_seselets;ICON13KM;ok;;;183;0;45.625;5.875;579.0
2026-08-19T14:00:00+02:00;2026-08-19T14:17:13+02:00;cap_des_seselets;IFS;ok;;;240;0;45.79965;5.8293843;361.0
2026-08-19T14:00:00+02:00;2026-08-19T14:17:13+02:00;cap_des_seselets;GFS;ok;;;384;0;45.629684;5.859375;591.0
2026-08-19T14:00:00+02:00;2026-08-19T14:17:13+02:00;excenevex;AROMEHD;ok;;;60;0;46.35;6.369999;0.0
2026-08-19T14:00:00+02:00;2026-08-19T14:17:13+02:00;excenevex;ARPEGE;ok;;;96;0;46.4;6.4000015;0.0
2026-08-19T14:00:00+02:00;2026-08-19T14:17:13+02:00;excenevex;ICONCH1;ok;;;45;0;46.351723;6.3624268;0.0
2026-08-19T14:00:00+02:00;2026-08-19T14:17:13+02:00;excenevex;ICONCH2;ok;;;120;0;46.36218;6.3762207;0.0
2026-08-19T14:00:00+02:00;2026-08-19T14:17:13+02:00;excenevex;ICON13KM;ok;;;183;0;46.5;6.5;0.0
2026-08-19T14:00:00+02:00;2026-08-19T14:17:13+02:00;excenevex;IFS;ok;;;240;0;46.432335;6.4903846;0.0
2026-08-19T14:00:00+02:00;2026-08-19T14:17:13+02:00;excenevex;GFS;ok;;;384;0;46.449722;6.4453125;0.0
2026-08-19T14:00:00+02:00;2026-08-19T14:17:13+02:00;hermance;AROMEHD;ok;;;60;0;46.309998;6.24;0.0
2026-08-19T14:00:00+02:00;2026-08-19T14:17:13+02:00;hermance;ARPEGE;ok;;;96;0;46.300003;6.200001;382.0
2026-08-19T14:00:00+02:00;2026-08-19T14:17:13+02:00;hermance;ICONCH1;ok;;;45;0;46.30753;6.2349854;0.0
2026-08-19T14:00:00+02:00;2026-08-19T14:17:13+02:00;hermance;ICONCH2;ok;;;120;0;46.31752;6.234314;0.0
2026-08-19T14:00:00+02:00;2026-08-19T14:17:13+02:00;hermance;ICON13KM;ok;;;183;0;46.5;6.5;0.0
2026-08-19T14:00:00+02:00;2026-08-19T14:17:13+02:00;hermance;IFS;ok;;;240;0;46.432335;6.3461537;0.0
2026-08-19T14:00:00+02:00;2026-08-19T14:17:13+02:00;hermance;GFS;ok;;;384;0;46.332565;6.2109375;0.0
2026-08-19T14:00:00+02:00;2026-08-19T14:17:13+02:00;loire_sur_rhone;AROMEHD;ok;;;60;0;45.559998;4.8199997;170.0
2026-08-19T14:00:00+02:00;2026-08-19T14:17:13+02:00;loire_sur_rhone;ARPEGE;ok;;;96;0;45.5;4.9000015;262.0
2026-08-19T14:00:00+02:00;2026-08-19T14:17:13+02:00;loire_sur_rhone;ICONCH1;ok;;;45;0;45.550514;4.828491;200.0
2026-08-19T14:00:00+02:00;2026-08-19T14:17:13+02:00;loire_sur_rhone;ICONCH2;ok;;;120;0;45.579132;4.797119;164.0
2026-08-19T14:00:00+02:00;2026-08-19T14:17:13+02:00;loire_sur_rhone;ICON13KM;ok;;;183;0;45.5;4.875;284.0
2026-08-19T14:00:00+02:00;2026-08-19T14:17:13+02:00;loire_sur_rhone;IFS;ok;;;240;0;45.58875;4.811321;265.0
2026-08-19T14:00:00+02:00;2026-08-19T14:17:13+02:00;loire_sur_rhone;GFS;ok;;;384;0;45.512527;4.8046875;313.0
2026-08-19T14:00:00+02:00;2026-08-19T14:17:13+02:00;messery;AROMEHD;ok;;;60;0;46.35;6.2700005;0.0
2026-08-19T14:00:00+02:00;2026-08-19T14:17:13+02:00;messery;ARPEGE;ok;;;96;0;46.4;6.299999;0.0
2026-08-19T14:00:00+02:00;2026-08-19T14:17:13+02:00;messery;ICONCH1;ok;;;45;0;46.3589;6.2749023;0.0
2026-08-19T14:00:00+02:00;2026-08-19T14:17:13+02:00;messery;ICONCH2;ok;;;120;0;46.358425;6.260498;0.0
2026-08-19T14:00:00+02:00;2026-08-19T14:17:13+02:00;messery;ICON13KM;ok;;;183;0;46.5;6.5;0.0
2026-08-19T14:00:00+02:00;2026-08-19T14:17:13+02:00;messery;IFS;ok;;;240;0;46.432335;6.3461537;0.0
2026-08-19T14:00:00+02:00;2026-08-19T14:17:13+02:00;messery;GFS;ok;;;384;0;46.449722;6.4453125;0.0
2026-08-19T14:00:00+02:00;2026-08-19T14:17:13+02:00;parking_pre_rencontre;AROMEHD;ok;;;60;0;45.01;5.779999;0.0
2026-08-19T14:00:00+02:00;2026-08-19T14:17:13+02:00;parking_pre_rencontre;ARPEGE;ok;;;96;0;44.9;5.799999;923.0
2026-08-19T14:00:00+02:00;2026-08-19T14:17:13+02:00;parking_pre_rencontre;ICONCH1;ok;;;45;0;45.0093;5.77124;1002.0
2026-08-19T14:00:00+02:00;2026-08-19T14:17:13+02:00;parking_pre_rencontre;ICONCH2;ok;;;120;0;45.019825;5.784668;1054.0
2026-08-19T14:00:00+02:00;2026-08-19T14:17:13+02:00;parking_pre_rencontre;ICON13KM;ok;;;183;0;45.0;5.75;1094.0
2026-08-19T14:00:00+02:00;2026-08-19T14:17:13+02:00;parking_pre_rencontre;IFS;ok;;;240;0;44.956062;5.7209306;896.0
2026-08-19T14:00:00+02:00;2026-08-19T14:17:13+02:00;parking_pre_rencontre;GFS;ok;;;384;0;44.926773;5.7421875;1041.0
2026-08-19T14:00:00+02:00;2026-08-19T14:17:13+02:00;plage_de_sevrier;AROMEHD;ok;;;60;0;45.86;6.16;0.0
2026-08-19T14:00:00+02:00;2026-08-19T14:17:13+02:00;plage_de_sevrier;ARPEGE;ok;;;96;0;45.9;6.1000023;548.0
2026-08-19T14:00:00+02:00;2026-08-19T14:17:13+02:00;plage_de_sevrier;ICONCH1;ok;;;45;0;45.86465;6.164917;0.0
2026-08-19T14:00:00+02:00;2026-08-19T14:17:13+02:00;plage_de_sevrier;ICONCH2;ok;;;120;0;45.855156;6.1800537;0.0
2026-08-19T14:00:00+02:00;2026-08-19T14:17:13+02:00;plage_de_sevrier;ICON13KM;ok;;;183;0;45.875;6.125;717.0
2026-08-19T14:00:00+02:00;2026-08-19T14:17:13+02:00;plage_de_sevrier;IFS;ok;;;240;0;45.940243;6.133122;689.0
2026-08-19T14:00:00+02:00;2026-08-19T14:17:13+02:00;plage_de_sevrier;GFS;ok;;;384;0;45.981125;6.09375;634.0
2026-08-19T14:00:00+02:00;2026-08-19T14:17:13+02:00;pont_darciat;AROMEHD;ok;;;60;0;46.25;4.8099995;169.0
2026-08-19T14:00:00+02:00;2026-08-19T14:17:13+02:00;pont_darciat;ARPEGE;ok;;;96;0;46.2;4.799999;190.0
2026-08-19T14:00:00+02:00;2026-08-19T14:17:13+02:00;pont_darciat;ICONCH1;ok;;;45;0;46.25097;4.8050537;172.0
2026-08-19T14:00:00+02:00;2026-08-19T14:17:13+02:00;pont_darciat;ICONCH2;ok;;;120;0;46.24165;4.8203735;171.0
2026-08-19T14:00:00+02:00;2026-08-19T14:17:13+02:00;pont_darciat;ICON13KM;ok;;;183;0;46.25;4.75;434.0
2026-08-19T14:00:00+02:00;2026-08-19T14:17:13+02:00;pont_darciat;IFS;ok;;;240;0;46.22144;4.736842;277.0
2026-08-19T14:00:00+02:00;2026-08-19T14:17:13+02:00;pont_darciat;GFS;ok;;;384;0;46.215424;4.8046875;260.0
2026-08-19T14:00:00+02:00;2026-08-19T14:17:13+02:00;pont_de_chavanay;AROMEHD;ok;;;60;0;45.42;4.75;141.0
2026-08-19T14:00:00+02:00;2026-08-19T14:17:13+02:00;pont_de_chavanay;ARPEGE;ok;;;96;0;45.4;4.799999;217.0
2026-08-19T14:00:00+02:00;2026-08-19T14:17:13+02:00;pont_de_chavanay;ICONCH1;ok;;;45;0;45.416153;4.741211;147.0
2026-08-19T14:00:00+02:00;2026-08-19T14:17:13+02:00;pont_de_chavanay;ICONCH2;ok;;;120;0;45.436775;4.75354;160.0
2026-08-19T14:00:00+02:00;2026-08-19T14:17:13+02:00;pont_de_chavanay;ICON13KM;ok;;;183;0;45.375;4.75;235.0
2026-08-19T14:00:00+02:00;2026-08-19T14:17:13+02:00;pont_de_chavanay;IFS;ok;;;240;0;45.377853;4.7887325;265.0
2026-08-19T14:00:00+02:00;2026-08-19T14:17:13+02:00;pont_de_chavanay;GFS;ok;;;384;0;45.39537;4.8046875;346.0
2026-08-19T14:00:00+02:00;2026-08-19T14:17:13+02:00;portes_les_valence;AROMEHD;ok;;;60;0;44.87;4.8599987;101.0
2026-08-19T14:00:00+02:00;2026-08-19T14:17:13+02:00;portes_les_valence;ARPEGE;ok;;;96;0;44.9;4.9000015;144.0
2026-08-19T14:00:00+02:00;2026-08-19T14:17:13+02:00;portes_les_valence;ICONCH1;ok;;;45;0;44.870667;4.8635864;103.0
2026-08-19T14:00:00+02:00;2026-08-19T14:17:13+02:00;portes_les_valence;ICONCH2;ok;;;120;0;44.880653;4.862671;140.0
2026-08-19T14:00:00+02:00;2026-08-19T14:17:13+02:00;portes_les_valence;ICON13KM;ok;;;183;0;44.875;4.875;163.0
2026-08-19T14:00:00+02:00;2026-08-19T14:17:13+02:00;portes_les_valence;IFS;ok;;;240;0;44.88576;4.876161;173.0
2026-08-19T14:00:00+02:00;2026-08-19T14:17:13+02:00;portes_les_valence;GFS;ok;;;384;0;44.926773;4.921875;209.0
2026-08-19T14:00:00+02:00;2026-08-19T14:17:13+02:00;roche_de_glun;AROMEHD;ok;;;60;0;45.03;4.84;116.0
2026-08-19T14:00:00+02:00;2026-08-19T14:17:13+02:00;roche_de_glun;ARPEGE;ok;;;96;0;45.0;4.9000015;145.0
2026-08-19T14:00:00+02:00;2026-08-19T14:17:13+02:00;roche_de_glun;ICONCH1;ok;;;45;0;45.020344;4.8496704;118.0
2026-08-19T14:00:00+02:00;2026-08-19T14:17:13+02:00;roche_de_glun;ICONCH2;ok;;;120;0;45.020344;4.8496704;121.0
2026-08-19T14:00:00+02:00;2026-08-19T14:17:13+02:00;roche_de_glun;ICON13KM;ok;;;183;0;45.0;4.875;296.0
2026-08-19T14:00:00+02:00;2026-08-19T14:17:13+02:00;roche_de_glun;IFS;ok;;;240;0;45.02636;4.8913045;205.0
2026-08-19T14:00:00+02:00;2026-08-19T14:17:13+02:00;roche_de_glun;GFS;ok;;;384;0;45.04393;4.921875;208.0
2026-08-19T14:00:00+02:00;2026-08-19T14:17:13+02:00;st_alban_du_rhone;AROMEHD;ok;;;60;0;45.39;4.76;140.0
2026-08-19T14:00:00+02:00;2026-08-19T14:17:13+02:00;st_alban_du_rhone;ARPEGE;ok;;;96;0;45.4;4.799999;217.0
2026-08-19T14:00:00+02:00;2026-08-19T14:17:13+02:00;st_alban_du_rhone;ICONCH1;ok;;;45;0;45.386887;4.758301;141.0
2026-08-19T14:00:00+02:00;2026-08-19T14:17:13+02:00;st_alban_du_rhone;ICONCH2;ok;;;120;0;45.396862;4.757324;145.0
2026-08-19T14:00:00+02:00;2026-08-19T14:17:13+02:00;st_alban_du_rhone;ICON13KM;ok;;;183;0;45.375;4.75;235.0
2026-08-19T14:00:00+02:00;2026-08-19T14:17:13+02:00;st_alban_du_rhone;IFS;ok;;;240;0;45.377853;4.7887325;265.0
2026-08-19T14:00:00+02:00;2026-08-19T14:17:13+02:00;st_alban_du_rhone;GFS;ok;;;384;0;45.39537;4.8046875;346.0
2026-08-19T14:00:00+02:00;2026-08-19T14:17:13+02:00;st_cyr_sur_le_rhone;AROMEHD;ok;;;60;0;45.510002;4.8500004;190.0
2026-08-19T14:00:00+02:00;2026-08-19T14:17:13+02:00;st_cyr_sur_le_rhone;ARPEGE;ok;;;96;0;45.5;4.9000015;262.0
2026-08-19T14:00:00+02:00;2026-08-19T14:17:13+02:00;st_cyr_sur_le_rhone;ICONCH1;ok;;;45;0;45.511913;4.860718;186.0
2026-08-19T14:00:00+02:00;2026-08-19T14:17:13+02:00;st_cyr_sur_le_rhone;ICONCH2;ok;;;120;0;45.50062;4.83313;224.0
2026-08-19T14:00:00+02:00;2026-08-19T14:17:13+02:00;st_cyr_sur_le_rhone;ICON13KM;ok;;;183;0;45.5;4.875;284.0
2026-08-19T14:00:00+02:00;2026-08-19T14:17:13+02:00;st_cyr_sur_le_rhone;IFS;ok;;;240;0;45.448154;4.7962384;291.0
2026-08-19T14:00:00+02:00;2026-08-19T14:17:13+02:00;st_cyr_sur_le_rhone;GFS;ok;;;384;0;45.512527;4.8046875;313.0
2026-08-19T14:00:00+02:00;2026-08-19T14:17:13+02:00;st_romain_des_iles;AROMEHD;ok;;;60;0;46.18;4.779999;169.0
2026-08-19T14:00:00+02:00;2026-08-19T14:17:13+02:00;st_romain_des_iles;ARPEGE;ok;;;96;0;46.2;4.799999;190.0
2026-08-19T14:00:00+02:00;2026-08-19T14:17:13+02:00;st_romain_des_iles;ICONCH1;ok;;;45;0;46.179794;4.782837;176.0
2026-08-19T14:00:00+02:00;2026-08-19T14:17:13+02:00;st_romain_des_iles;ICONCH2;ok;;;120;0;46.180458;4.7973022;173.0
2026-08-19T14:00:00+02:00;2026-08-19T14:17:13+02:00;st_romain_des_iles;ICON13KM;ok;;;183;0;46.25;4.75;434.0
2026-08-19T14:00:00+02:00;2026-08-19T14:17:13+02:00;st_romain_des_iles;IFS;ok;;;240;0;46.22144;4.736842;277.0
2026-08-19T14:00:00+02:00;2026-08-19T14:17:13+02:00;st_romain_des_iles;GFS;ok;;;384;0;46.215424;4.8046875;260.0
2026-08-19T14:00:00+02:00;2026-08-19T14:17:13+02:00;treffort;AROMEHD;ok;;;60;0;44.91;5.6800003;0.0
2026-08-19T14:00:00+02:00;2026-08-19T14:17:13+02:00;treffort;ARPEGE;ok;;;96;0;44.9;5.700001;862.0
2026-08-19T14:00:00+02:00;2026-08-19T14:17:13+02:00;treffort;ICONCH1;ok;;;45;0;44.905636;5.680298;502.0
2026-08-19T14:00:00+02:00;2026-08-19T14:17:13+02:00;treffort;ICONCH2;ok;;;120;0;44.91562;5.6794434;563.0
2026-08-19T14:00:00+02:00;2026-08-19T14:17:13+02:00;treffort;ICON13KM;ok;;;183;0;44.875;5.625;932.0
2026-08-19T14:00:00+02:00;2026-08-19T14:17:13+02:00;treffort;IFS;ok;;;240;0;44.88576;5.7120743;915.0
2026-08-19T14:00:00+02:00;2026-08-19T14:17:13+02:00;treffort;GFS;ok;;;384;0;44.926773;5.625;1074.0
2026-08-19T14:00:00+02:00;2026-08-19T14:17:13+02:00;vengeron;AROMEHD;ok;;;60;0;46.25;6.17;0.0
2026-08-19T14:00:00+02:00;2026-08-19T14:17:13+02:00;vengeron;ARPEGE;ok;;;96;0;46.300003;6.200001;382.0
2026-08-19T14:00:00+02:00;2026-08-19T14:17:13+02:00;vengeron;ICONCH1;ok;;;45;0;46.24517;6.166931;0.0
2026-08-19T14:00:00+02:00;2026-08-19T14:17:13+02:00;vengeron;ICONCH2;ok;;;120;0;46.255646;6.180664;0.0
2026-08-19T14:00:00+02:00;2026-08-19T14:17:13+02:00;vengeron;ICON13KM;ok;;;183;0;46.5;6.5;0.0
2026-08-19T14:00:00+02:00;2026-08-19T14:17:13+02:00;vengeron;IFS;ok;;;240;0;46.432335;6.3461537;0.0
2026-08-19T14:00:00+02:00;2026-08-19T14:17:13+02:00;vengeron;GFS;ok;;;384;0;46.332565;6.2109375;0.0
2026-08-19T14:00:00+02:00;2026-08-19T14:17:13+02:00;wwmeyzieu;AROMEHD;ok;;;60;0;45.78;4.9799995;0.0
2026-08-19T14:00:00+02:00;2026-08-19T14:17:13+02:00;wwmeyzieu;ARPEGE;ok;;;96;0;45.800003;5.0;215.0
2026-08-19T14:00:00+02:00;2026-08-19T14:17:13+02:00;wwmeyzieu;ICONCH1;ok;;;45;0;45.787823;4.9783936;0.0
2026-08-19T14:00:00+02:00;2026-08-19T14:17:13+02:00;wwmeyzieu;ICONCH2;ok;;;120;0;45.787823;4.9783936;193.0
2026-08-19T14:00:00+02:00;2026-08-19T14:17:13+02:00;wwmeyzieu;ICON13KM;ok;;;183;0;45.75;5.0;211.0
2026-08-19T14:00:00+02:00;2026-08-19T14:17:13+02:00;wwmeyzieu;IFS;ok;;;240;0;45.79965;4.9763036;233.0
2026-08-19T14:00:00+02:00;2026-08-19T14:17:13+02:00;wwmeyzieu;GFS;ok;;;384;0;45.746826;4.921875;214.0
