run_id;fetched_at;spot_key;model_key;status;http_status;error_message;hours_written;nulls_replaced_by_zero;grid_latitude;grid_longitude;grid_elevation_m
2026-09-16T13:15:00+02:00;2026-09-16T17:29:27+02:00;cap_des_seselets;AROMEHD;failed;429;HTTP 429 : Daily API request limit exceeded. Please try again tomorrow.;0;0;;;
2026-09-16T13:15:00+02:00;2026-09-16T17:29:27+02:00;cap_des_seselets;ARPEGE;failed;429;HTTP 429 : Daily API request limit exceeded. Please try again tomorrow.;0;0;;;
2026-09-16T13:15:00+02:00;2026-09-16T17:29:27+02:00;cap_des_seselets;ICONCH1;failed;;Réseau : _ssl.c:993: The handshake operation timed out;0;0;;;
2026-09-16T13:15:00+02:00;2026-09-16T17:29:27+02:00;cap_des_seselets;ICONCH2;failed;429;HTTP 429 : Daily API request limit exceeded. Please try again tomorrow.;0;0;;;
2026-09-16T13:15:00+02:00;2026-09-16T17:29:27+02:00;cap_des_seselets;ICON13KM;failed;;Réseau : _ssl.c:993: The handshake operation timed out;0;0;;;
2026-09-16T13:15:00+02:00;2026-09-16T17:29:27+02:00;cap_des_seselets;IFS;failed;429;HTTP 429 : Daily API request limit exceeded. Please try again tomorrow.;0;0;;;
2026-09-16T13:15:00+02:00;2026-09-16T17:29:27+02:00;cap_des_seselets;GFS;failed;;Réseau : _ssl.c:993: The handshake operation timed out;0;0;;;
2026-09-16T13:15:00+02:00;2026-09-16T17:29:27+02:00;excenevex;AROMEHD;failed;429;HTTP 429 : Daily API request limit exceeded. Please try again tomorrow.;0;0;;;
2026-09-16T13:15:00+02:00;2026-09-16T17:29:27+02:00;excenevex;ARPEGE;failed;429;HTTP 429 : Daily API request limit exceeded. Please try again tomorrow.;0;0;;;
2026-09-16T13:15:00+02:00;2026-09-16T17:29:27+02:00;excenevex;ICONCH1;failed;429;HTTP 429 : Daily API request limit exceeded. Please try again tomorrow.;0;0;;;
2026-09-16T13:15:00+02:00;2026-09-16T17:29:27+02:00;excenevex;ICONCH2;failed;;Réseau : _ssl.c:993: The handshake operation timed out;0;0;;;
2026-09-16T13:15:00+02:00;2026-09-16T17:29:27+02:00;excenevex;ICON13KM;failed;429;HTTP 429 : Daily API request limit exceeded. Please try again tomorrow.;0;0;;;
2026-09-16T13:15:00+02:00;2026-09-16T17:29:27+02:00;excenevex;IFS;failed;429;HTTP 429 : Daily API request limit exceeded. Please try again tomorrow.;0;0;;;
2026-09-16T13:15:00+02:00;2026-09-16T17:29:27+02:00;excenevex;GFS;failed;429;HTTP 429 : Daily API request limit exceeded. Please try again tomorrow.;0;0;;;
2026-09-16T13:15:00+02:00;2026-09-16T17:29:27+02:00;hermance;AROMEHD;failed;429;HTTP 429 : Daily API request limit exceeded. Please try again tomorrow.;0;0;;;
2026-09-16T13:15:00+02:00;2026-09-16T17:29:27+02:00;hermance;ARPEGE;failed;429;HTTP 429 : Daily API request limit exceeded. Please try again tomorrow.;0;0;;;
2026-09-16T13:15:00+02:00;2026-09-16T17:29:27+02:00;hermance;ICONCH1;failed;429;HTTP 429 : Daily API request limit exceeded. Please try again tomorrow.;0;0;;;
2026-09-16T13:15:00+02:00;2026-09-16T17:29:27+02:00;hermance;ICONCH2;failed;429;HTTP 429 : Daily API request limit exceeded. Please try again tomorrow.;0;0;;;
2026-09-16T13:15:00+02:00;2026-09-16T17:29:27+02:00;hermance;ICON13KM;failed;429;HTTP 429 : Daily API request limit exceeded. Please try again tomorrow.;0;0;;;
2026-09-16T13:15:00+02:00;2026-09-16T17:29:27+02:00;hermance;IFS;failed;;Réseau : _ssl.c:993: The handshake operation timed out;0;0;;;
2026-09-16T13:15:00+02:00;2026-09-16T17:29:27+02:00;hermance;GFS;failed;429;HTTP 429 : Daily API request limit exceeded. Please try again tomorrow.;0;0;;;
2026-09-16T13:15:00+02:00;2026-09-16T17:29:27+02:00;loire_sur_rhone;AROMEHD;failed;429;HTTP 429 : Daily API request limit exceeded. Please try again tomorrow.;0;0;;;
2026-09-16T13:15:00+02:00;2026-09-16T17:29:27+02:00;loire_sur_rhone;ARPEGE;failed;429;HTTP 429 : Daily API request limit exceeded. Please try again tomorrow.;0;0;;;
2026-09-16T13:15:00+02:00;2026-09-16T17:29:27+02:00;loire_sur_rhone;ICONCH1;failed;429;HTTP 429 : Daily API request limit exceeded. Please try again tomorrow.;0;0;;;
2026-09-16T13:15:00+02:00;2026-09-16T17:29:27+02:00;loire_sur_rhone;ICONCH2;failed;429;HTTP 429 : Daily API request limit exceeded. Please try again tomorrow.;0;0;;;
2026-09-16T13:15:00+02:00;2026-09-16T17:29:27+02:00;loire_sur_rhone;ICON13KM;failed;429;HTTP 429 : Daily API request limit exceeded. Please try again tomorrow.;0;0;;;
2026-09-16T13:15:00+02:00;2026-09-16T17:29:27+02:00;loire_sur_rhone;IFS;failed;429;HTTP 429 : Daily API request limit exceeded. Please try again tomorrow.;0;0;;;
2026-09-16T13:15:00+02:00;2026-09-16T17:29:27+02:00;loire_sur_rhone;GFS;failed;429;HTTP 429 : Daily API request limit exceeded. Please try again tomorrow.;0;0;;;
2026-09-16T13:15:00+02:00;2026-09-16T17:29:27+02:00;messery;AROMEHD;failed;429;HTTP 429 : Daily API request limit exceeded. Please try again tomorrow.;0;0;;;
2026-09-16T13:15:00+02:00;2026-09-16T17:29:27+02:00;messery;ARPEGE;failed;429;HTTP 429 : Daily API request limit exceeded. Please try again tomorrow.;0;0;;;
2026-09-16T13:15:00+02:00;2026-09-16T17:29:27+02:00;messery;ICONCH1;failed;429;HTTP 429 : Daily API request limit exceeded. Please try again tomorrow.;0;0;;;
2026-09-16T13:15:00+02:00;2026-09-16T17:29:27+02:00;messery;ICONCH2;failed;429;HTTP 429 : Daily API request limit exceeded. Please try again tomorrow.;0;0;;;
2026-09-16T13:15:00+02:00;2026-09-16T17:29:27+02:00;messery;ICON13KM;failed;429;HTTP 429 : Daily API request limit exceeded. Please try again tomorrow.;0;0;;;
2026-09-16T13:15:00+02:00;2026-09-16T17:29:27+02:00;messery;IFS;failed;;Réseau : _ssl.c:993: The handshake operation timed out;0;0;;;
2026-09-16T13:15:00+02:00;2026-09-16T17:29:27+02:00;messery;GFS;failed;429;HTTP 429 : Daily API request limit exceeded. Please try again tomorrow.;0;0;;;
2026-09-16T13:15:00+02:00;2026-09-16T17:29:27+02:00;parking_pre_rencontre;AROMEHD;failed;429;HTTP 429 : Daily API request limit exceeded. Please try again tomorrow.;0;0;;;
2026-09-16T13:15:00+02:00;2026-09-16T17:29:27+02:00;parking_pre_rencontre;ARPEGE;failed;429;HTTP 429 : Daily API request limit exceeded. Please try again tomorrow.;0;0;;;
2026-09-16T13:15:00+02:00;2026-09-16T17:29:27+02:00;parking_pre_rencontre;ICONCH1;failed;429;HTTP 429 : Daily API request limit exceeded. Please try again tomorrow.;0;0;;;
2026-09-16T13:15:00+02:00;2026-09-16T17:29:27+02:00;parking_pre_rencontre;ICONCH2;failed;;Réseau : _ssl.c:993: The handshake operation timed out;0;0;;;
2026-09-16T13:15:00+02:00;2026-09-16T17:29:27+02:00;parking_pre_rencontre;ICON13KM;failed;429;HTTP 429 : Daily API request limit exceeded. Please try again tomorrow.;0;0;;;
2026-09-16T13:15:00+02:00;2026-09-16T17:29:27+02:00;parking_pre_rencontre;IFS;failed;429;HTTP 429 : Daily API request limit exceeded. Please try again tomorrow.;0;0;;;
2026-09-16T13:15:00+02:00;2026-09-16T17:29:27+02:00;parking_pre_rencontre;GFS;failed;429;HTTP 429 : Daily API request limit exceeded. Please try again tomorrow.;0;0;;;
2026-09-16T13:15:00+02:00;2026-09-16T17:29:27+02:00;plage_de_sevrier;AROMEHD;failed;429;HTTP 429 : Daily API request limit exceeded. Please try again tomorrow.;0;0;;;
2026-09-16T13:15:00+02:00;2026-09-16T17:29:27+02:00;plage_de_sevrier;ARPEGE;failed;429;HTTP 429 : Daily API request limit exceeded. Please try again tomorrow.;0;0;;;
2026-09-16T13:15:00+02:00;2026-09-16T17:29:27+02:00;plage_de_sevrier;ICONCH1;failed;429;HTTP 429 : Daily API request limit exceeded. Please try again tomorrow.;0;0;;;
2026-09-16T13:15:00+02:00;2026-09-16T17:29:27+02:00;plage_de_sevrier;ICONCH2;failed;429;HTTP 429 : Daily API request limit exceeded. Please try again tomorrow.;0;0;;;
2026-09-16T13:15:00+02:00;2026-09-16T17:29:27+02:00;plage_de_sevrier;ICON13KM;failed;429;HTTP 429 : Daily API request limit exceeded. Please try again tomorrow.;0;0;;;
2026-09-16T13:15:00+02:00;2026-09-16T17:29:27+02:00;plage_de_sevrier;IFS;failed;429;HTTP 429 : Daily API request limit exceeded. Please try again tomorrow.;0;0;;;
2026-09-16T13:15:00+02:00;2026-09-16T17:29:27+02:00;plage_de_sevrier;GFS;failed;429;HTTP 429 : Daily API request limit exceeded. Please try again tomorrow.;0;0;;;
2026-09-16T13:15:00+02:00;2026-09-16T17:29:27+02:00;pont_darciat;AROMEHD;failed;429;HTTP 429 : Daily API request limit exceeded. Please try again tomorrow.;0;0;;;
2026-09-16T13:15:00+02:00;2026-09-16T17:29:27+02:00;pont_darciat;ARPEGE;failed;429;HTTP 429 : Daily API request limit exceeded. Please try again tomorrow.;0;0;;;
2026-09-16T13:15:00+02:00;2026-09-16T17:29:27+02:00;pont_darciat;ICONCH1;failed;;Réseau : _ssl.c:993: The handshake operation timed out;0;0;;;
2026-09-16T13:15:00+02:00;2026-09-16T17:29:27+02:00;pont_darciat;ICONCH2;failed;429;HTTP 429 : Daily API request limit exceeded. Please try again tomorrow.;0;0;;;
2026-09-16T13:15:00+02:00;2026-09-16T17:29:27+02:00;pont_darciat;ICON13KM;failed;429;HTTP 429 : Daily API request limit exceeded. Please try again tomorrow.;0;0;;;
2026-09-16T13:15:00+02:00;2026-09-16T17:29:27+02:00;pont_darciat;IFS;failed;;Réseau : _ssl.c:993: The handshake operation timed out;0;0;;;
2026-09-16T13:15:00+02:00;2026-09-16T17:29:27+02:00;pont_darciat;GFS;failed;429;HTTP 429 : Daily API request limit exceeded. Please try again tomorrow.;0;0;;;
2026-09-16T13:15:00+02:00;2026-09-16T17:29:27+02:00;pont_de_chavanay;AROMEHD;failed;429;HTTP 429 : Daily API request limit exceeded. Please try again tomorrow.;0;0;;;
2026-09-16T13:15:00+02:00;2026-09-16T17:29:27+02:00;pont_de_chavanay;ARPEGE;failed;429;HTTP 429 : Daily API request limit exceeded. Please try again tomorrow.;0;0;;;
2026-09-16T13:15:00+02:00;2026-09-16T17:29:27+02:00;pont_de_chavanay;ICONCH1;failed;429;HTTP 429 : Daily API request limit exceeded. Please try again tomorrow.;0;0;;;
2026-09-16T13:15:00+02:00;2026-09-16T17:29:27+02:00;pont_de_chavanay;ICONCH2;failed;;Réseau : _ssl.c:993: The handshake operation timed out;0;0;;;
2026-09-16T13:15:00+02:00;2026-09-16T17:29:27+02:00;pont_de_chavanay;ICON13KM;failed;;Réseau : _ssl.c:993: The handshake operation timed out;0;0;;;
2026-09-16T13:15:00+02:00;2026-09-16T17:29:27+02:00;pont_de_chavanay;IFS;failed;429;HTTP 429 : Daily API request limit exceeded. Please try again tomorrow.;0;0;;;
2026-09-16T13:15:00+02:00;2026-09-16T17:29:27+02:00;pont_de_chavanay;GFS;failed;429;HTTP 429 : Daily API request limit exceeded. Please try again tomorrow.;0;0;;;
2026-09-16T13:15:00+02:00;2026-09-16T17:29:27+02:00;portes_les_valence;AROMEHD;failed;429;HTTP 429 : Daily API request limit exceeded. Please try again tomorrow.;0;0;;;
2026-09-16T13:15:00+02:00;2026-09-16T17:29:27+02:00;portes_les_valence;ARPEGE;failed;429;HTTP 429 : Daily API request limit exceeded. Please try again tomorrow.;0;0;;;
2026-09-16T13:15:00+02:00;2026-09-16T17:29:27+02:00;portes_les_valence;ICONCH1;failed;429;HTTP 429 : Daily API request limit exceeded. Please try again tomorrow.;0;0;;;
2026-09-16T13:15:00+02:00;2026-09-16T17:29:27+02:00;portes_les_valence;ICONCH2;failed;429;HTTP 429 : Daily API request limit exceeded. Please try again tomorrow.;0;0;;;
2026-09-16T13:15:00+02:00;2026-09-16T17:29:27+02:00;portes_les_valence;ICON13KM;failed;429;HTTP 429 : Daily API request limit exceeded. Please try again tomorrow.;0;0;;;
2026-09-16T13:15:00+02:00;2026-09-16T17:29:27+02:00;portes_les_valence;IFS;failed;;Réseau : _ssl.c:993: The handshake operation timed out;0;0;;;
2026-09-16T13:15:00+02:00;2026-09-16T17:29:27+02:00;portes_les_valence;GFS;failed;429;HTTP 429 : Daily API request limit exceeded. Please try again tomorrow.;0;0;;;
2026-09-16T13:15:00+02:00;2026-09-16T17:29:27+02:00;roche_de_glun;AROMEHD;failed;429;HTTP 429 : Daily API request limit exceeded. Please try again tomorrow.;0;0;;;
2026-09-16T13:15:00+02:00;2026-09-16T17:29:27+02:00;roche_de_glun;ARPEGE;failed;;Réseau : _ssl.c:993: The handshake operation timed out;0;0;;;
2026-09-16T13:15:00+02:00;2026-09-16T17:29:27+02:00;roche_de_glun;ICONCH1;failed;429;HTTP 429 : Daily API request limit exceeded. Please try again tomorrow.;0;0;;;
2026-09-16T13:15:00+02:00;2026-09-16T17:29:27+02:00;roche_de_glun;ICONCH2;failed;429;HTTP 429 : Daily API request limit exceeded. Please try again tomorrow.;0;0;;;
2026-09-16T13:15:00+02:00;2026-09-16T17:29:27+02:00;roche_de_glun;ICON13KM;failed;429;HTTP 429 : Daily API request limit exceeded. Please try again tomorrow.;0;0;;;
2026-09-16T13:15:00+02:00;2026-09-16T17:29:27+02:00;roche_de_glun;IFS;failed;429;HTTP 429 : Daily API request limit exceeded. Please try again tomorrow.;0;0;;;
2026-09-16T13:15:00+02:00;2026-09-16T17:29:27+02:00;roche_de_glun;GFS;failed;;Réseau : _ssl.c:993: The handshake operation timed out;0;0;;;
2026-09-16T13:15:00+02:00;2026-09-16T17:29:27+02:00;st_alban_du_rhone;AROMEHD;failed;429;HTTP 429 : Daily API request limit exceeded. Please try again tomorrow.;0;0;;;
2026-09-16T13:15:00+02:00;2026-09-16T17:29:27+02:00;st_alban_du_rhone;ARPEGE;failed;429;HTTP 429 : Daily API request limit exceeded. Please try again tomorrow.;0;0;;;
2026-09-16T13:15:00+02:00;2026-09-16T17:29:27+02:00;st_alban_du_rhone;ICONCH1;failed;;Réseau : _ssl.c:993: The handshake operation timed out;0;0;;;
2026-09-16T13:15:00+02:00;2026-09-16T17:29:27+02:00;st_alban_du_rhone;ICONCH2;failed;429;HTTP 429 : Daily API request limit exceeded. Please try again tomorrow.;0;0;;;
2026-09-16T13:15:00+02:00;2026-09-16T17:29:27+02:00;st_alban_du_rhone;ICON13KM;failed;;Réseau : _ssl.c:993: The handshake operation timed out;0;0;;;
2026-09-16T13:15:00+02:00;2026-09-16T17:29:27+02:00;st_alban_du_rhone;IFS;failed;429;HTTP 429 : Daily API request limit exceeded. Please try again tomorrow.;0;0;;;
2026-09-16T13:15:00+02:00;2026-09-16T17:29:27+02:00;st_alban_du_rhone;GFS;failed;429;HTTP 429 : Daily API request limit exceeded. Please try again tomorrow.;0;0;;;
2026-09-16T13:15:00+02:00;2026-09-16T17:29:27+02:00;st_cyr_sur_le_rhone;AROMEHD;failed;429;HTTP 429 : Daily API request limit exceeded. Please try again tomorrow.;0;0;;;
2026-09-16T13:15:00+02:00;2026-09-16T17:29:27+02:00;st_cyr_sur_le_rhone;ARPEGE;failed;429;HTTP 429 : Daily API request limit exceeded. Please try again tomorrow.;0;0;;;
2026-09-16T13:15:00+02:00;2026-09-16T17:29:27+02:00;st_cyr_sur_le_rhone;ICONCH1;failed;429;HTTP 429 : Daily API request limit exceeded. Please try again tomorrow.;0;0;;;
2026-09-16T13:15:00+02:00;2026-09-16T17:29:27+02:00;st_cyr_sur_le_rhone;ICONCH2;failed;429;HTTP 429 : Daily API request limit exceeded. Please try again tomorrow.;0;0;;;
2026-09-16T13:15:00+02:00;2026-09-16T17:29:27+02:00;st_cyr_sur_le_rhone;ICON13KM;failed;429;HTTP 429 : Daily API request limit exceeded. Please try again tomorrow.;0;0;;;
2026-09-16T13:15:00+02:00;2026-09-16T17:29:27+02:00;st_cyr_sur_le_rhone;IFS;failed;429;HTTP 429 : Daily API request limit exceeded. Please try again tomorrow.;0;0;;;
2026-09-16T13:15:00+02:00;2026-09-16T17:29:27+02:00;st_cyr_sur_le_rhone;GFS;failed;429;HTTP 429 : Daily API request limit exceeded. Please try again tomorrow.;0;0;;;
2026-09-16T13:15:00+02:00;2026-09-16T17:29:27+02:00;st_romain_des_iles;AROMEHD;failed;429;HTTP 429 : Daily API request limit exceeded. Please try again tomorrow.;0;0;;;
2026-09-16T13:15:00+02:00;2026-09-16T17:29:27+02:00;st_romain_des_iles;ARPEGE;failed;429;HTTP 429 : Daily API request limit exceeded. Please try again tomorrow.;0;0;;;
2026-09-16T13:15:00+02:00;2026-09-16T17:29:27+02:00;st_romain_des_iles;ICONCH1;failed;429;HTTP 429 : Daily API request limit exceeded. Please try again tomorrow.;0;0;;;
2026-09-16T13:15:00+02:00;2026-09-16T17:29:27+02:00;st_romain_des_iles;ICONCH2;failed;429;HTTP 429 : Daily API request limit exceeded. Please try again tomorrow.;0;0;;;
2026-09-16T13:15:00+02:00;2026-09-16T17:29:27+02:00;st_romain_des_iles;ICON13KM;failed;429;HTTP 429 : Daily API request limit exceeded. Please try again tomorrow.;0;0;;;
2026-09-16T13:15:00+02:00;2026-09-16T17:29:27+02:00;st_romain_des_iles;IFS;failed;;Réseau : _ssl.c:993: The handshake operation timed out;0;0;;;
2026-09-16T13:15:00+02:00;2026-09-16T17:29:27+02:00;st_romain_des_iles;GFS;failed;429;HTTP 429 : Daily API request limit exceeded. Please try again tomorrow.;0;0;;;
2026-09-16T13:15:00+02:00;2026-09-16T17:29:27+02:00;treffort;AROMEHD;failed;429;HTTP 429 : Daily API request limit exceeded. Please try again tomorrow.;0;0;;;
2026-09-16T13:15:00+02:00;2026-09-16T17:29:27+02:00;treffort;ARPEGE;failed;429;HTTP 429 : Daily API request limit exceeded. Please try again tomorrow.;0;0;;;
2026-09-16T13:15:00+02:00;2026-09-16T17:29:27+02:00;treffort;ICONCH1;failed;429;HTTP 429 : Daily API request limit exceeded. Please try again tomorrow.;0;0;;;
2026-09-16T13:15:00+02:00;2026-09-16T17:29:27+02:00;treffort;ICONCH2;failed;429;HTTP 429 : Daily API request limit exceeded. Please try again tomorrow.;0;0;;;
2026-09-16T13:15:00+02:00;2026-09-16T17:29:27+02:00;treffort;ICON13KM;failed;429;HTTP 429 : Daily API request limit exceeded. Please try again tomorrow.;0;0;;;
2026-09-16T13:15:00+02:00;2026-09-16T17:29:27+02:00;treffort;IFS;failed;429;HTTP 429 : Daily API request limit exceeded. Please try again tomorrow.;0;0;;;
2026-09-16T13:15:00+02:00;2026-09-16T17:29:27+02:00;treffort;GFS;failed;429;HTTP 429 : Daily API request limit exceeded. Please try again tomorrow.;0;0;;;
2026-09-16T13:15:00+02:00;2026-09-16T17:29:27+02:00;vengeron;AROMEHD;failed;429;HTTP 429 : Daily API request limit exceeded. Please try again tomorrow.;0;0;;;
2026-09-16T13:15:00+02:00;2026-09-16T17:29:27+02:00;vengeron;ARPEGE;failed;429;HTTP 429 : Daily API request limit exceeded. Please try again tomorrow.;0;0;;;
2026-09-16T13:15:00+02:00;2026-09-16T17:29:27+02:00;vengeron;ICONCH1;failed;429;HTTP 429 : Daily API request limit exceeded. Please try again tomorrow.;0;0;;;
2026-09-16T13:15:00+02:00;2026-09-16T17:29:27+02:00;vengeron;ICONCH2;failed;429;HTTP 429 : Daily API request limit exceeded. Please try again tomorrow.;0;0;;;
2026-09-16T13:15:00+02:00;2026-09-16T17:29:27+02:00;vengeron;ICON13KM;failed;429;HTTP 429 : Daily API request limit exceeded. Please try again tomorrow.;0;0;;;
2026-09-16T13:15:00+02:00;2026-09-16T17:29:27+02:00;vengeron;IFS;failed;;Réseau : _ssl.c:993: The handshake operation timed out;0;0;;;
2026-09-16T13:15:00+02:00;2026-09-16T17:29:27+02:00;vengeron;GFS;failed;429;HTTP 429 : Daily API request limit exceeded. Please try again tomorrow.;0;0;;;
2026-09-16T13:15:00+02:00;2026-09-16T17:29:27+02:00;wwmeyzieu;AROMEHD;failed;;Réseau : _ssl.c:993: The handshake operation timed out;0;0;;;
2026-09-16T13:15:00+02:00;2026-09-16T17:29:27+02:00;wwmeyzieu;ARPEGE;failed;429;HTTP 429 : Daily API request limit exceeded. Please try again tomorrow.;0;0;;;
2026-09-16T13:15:00+02:00;2026-09-16T17:29:27+02:00;wwmeyzieu;ICONCH1;failed;429;HTTP 429 : Daily API request limit exceeded. Please try again tomorrow.;0;0;;;
2026-09-16T13:15:00+02:00;2026-09-16T17:29:27+02:00;wwmeyzieu;ICONCH2;failed;429;HTTP 429 : Daily API request limit exceeded. Please try again tomorrow.;0;0;;;
2026-09-16T13:15:00+02:00;2026-09-16T17:29:27+02:00;wwmeyzieu;ICON13KM;failed;429;HTTP 429 : Daily API request limit exceeded. Please try again tomorrow.;0;0;;;
2026-09-16T13:15:00+02:00;2026-09-16T17:29:27+02:00;wwmeyzieu;IFS;failed;429;HTTP 429 : Daily API request limit exceeded. Please try again tomorrow.;0;0;;;
2026-09-16T13:15:00+02:00;2026-09-16T17:29:27+02:00;wwmeyzieu;GFS;failed;;Réseau : _ssl.c:993: The handshake operation timed out;0;0;;;
