spot_key;zone_key;display_name;short_term_model;display_wind_requirements;display_spot_infos;link_windguru;link_webcam;link_anemometer;Latitude_mise_a_leau;Longitude_mise_a_leau;AROMEHD_gridpoint_latitude;AROMEHD_gridpoint_longitude;AROMEHD_gridpoint_elevation;ARPEGE_gridpoint_latitude;ARPEGE_gridpoint_longitude;ARPEGE_gridpoint_elevation;ICONCH1_gridpoint_latitude;ICONCH1_gridpoint_longitude;ICONCH1_gridpoint_elevation;ICONCH2_gridpoint_latitude;ICONCH2_gridpoint_longitude;ICONCH2_gridpoint_elevation;ICON13KM_gridpoint_latitude;ICON13KM_gridpoint_longitude;ICON13KM_gridpoint_elevation;IFS_gridpoint_latitude;IFS_gridpoint_longitude;IFS_gridpoint_elevation;GFS_gridpoint_latitude;GFS_gridpoint_longitude;GFS_gridpoint_elevation
messery;leman_grand_lac;Plage de la pointe - Messery;ICONCH1;Fonctionne par Nord-Est (Bise) et par Sud-Ouest dans l'axe du petit lac. Bonne vagues;Parking à 50m. Vent de travers. Navigation proche de Genève interdite;https://www.windguru.cz/48572;;;46.34887018502984;6.277054271560389;46.35000;6.27000;0;46.40000;6.30000;0;46.35890;6.27490;0;46.35842;6.26050;0;46.50000;6.50000;0;46.43234;6.34615;0;46.44972;6.44531;0
excenevex;leman_grand_lac;Plage d'Excenevex;ICONCH1;Fonctionne par Nord (Bise). Bonnes vagues. L'été, attention aux algues et au thermique contraire qui se lève dans la baie entre Yvoire et Sciez.;Se garer sur le parking du mini-golf. Attention aux rochers à l'Ouest du chenal de départ. Départ alternatif possible de la plage de Sciez a privilégier l'été avant 18h.;https://www.windguru.cz/179;https://agdv-xnv.com/index.php/en-direct-du-spot/;https://agdv-xnv.com/index.php/en-direct-du-spot/;46.34881609885344;6.360139830224631;46.35000;6.37000;0;46.40000;6.40000;0;46.35172;6.36243;0;46.36218;6.37622;0;46.50000;6.50000;0;46.43234;6.49038;0;46.44972;6.44531;0
vengeron;leman_petit_lac;Plage du Vengeron;ICONCH1;Fonctionne par Nord-Est (Bise) dans l'axe du petit lac. Eviter par Sud car proche de Genève;Ne pas s'approcher de Genève en naviguant !;https://www.windguru.cz/48572;;;46.24624520325465;6.153105126247325;46.25000;6.17000;0;46.30000;6.20000;382;46.24517;6.16693;0;46.25565;6.18066;0;46.50000;6.50000;0;46.43234;6.34615;0;46.33257;6.21094;0
hermance;leman_petit_lac;Plage d'Hermance;ICONCH1;Fonctionne par Nord-Est (Bise) et par Sud-Ouest dans l'axe du petit lac. Vagues par Nord-Est.;Eviter le spot l'été car la plage est payante et pleine. Attention au stationnement parfois compliqué;https://www.windguru.cz/48572;;;46.303907093450675;6.240829980770505;46.31000;6.24000;0;46.30000;6.20000;382;46.30753;6.23499;0;46.31752;6.23431;0;46.50000;6.50000;0;46.43234;6.34615;0;46.33257;6.21094;0
plage_de_sevrier;annecy;Lac d'Annecy - Plage de Sévrier;ICONCH1;Fonctionne bien par Nord dans l'axe du Lac. Il faut vraiment un carton pour qu'il y ait des vagues;Mise à l'eau et parking au Nord de la plage. Attention à ne pas se retrouver coincé sur le petit lac au Sud;;;;45.86205585162512;6.1437680203259415;45.86000;6.16000;0;45.90000;6.10000;548;45.86465;6.16492;0;45.85516;6.18005;0;45.87500;6.12500;717;45.94024;6.13312;689;45.98112;6.09375;634
cap_des_seselets;bourget;Lac du Bourget - Cap des Séselets;AROMEHD;Fonctionne bien par Nord mais le vent a du mal a rentrer dans la vallée donc attendre un bon vent météo. Bonnes vagues (Fetch 18km). Régime de thermique complexe l'été.;Parking juste devant le cap des Séselets juste une route à traverser;;;;45.657188170046744;5.89316944751032;45.66000;5.88000;0;45.80000;5.80000;394;45.66424;5.87817;0;45.66424;5.87817;0;45.62500;5.87500;579;45.79965;5.82938;361;45.62968;5.85938;591
parking_pre_rencontre;laffrey;Grand Lac de Laffrey - Parking du pré de la rencontre;ICONCH1;Fonctionne par Sud. Le spot est réputé pour ses gros cartons de Sud qui lèvent de belles vagues;Parking du pré de la rencontre à 50m de la mise à l'eau;;;;45.02076461650268;5.777276981054155;45.01000;5.78000;0;44.90000;5.80000;923;45.00930;5.77124;1002;45.01982;5.78467;1054;45.00000;5.75000;1094;44.95606;5.72093;896;44.92677;5.74219;1041
treffort;monteynard;Lac du Monteynard - Treffort - Parking du camping de la Plage;ICONCH1;Thermique N si il y a du soleil sur le Devoluy et le Triève de Mars à Octobre. Idéal si vent météo Nord.;Deux parking possibles celui du camping de la plage au Nord est idéal. Hors saison navigation interdite en dessous de la marque et privilégier le parking Sud;;;;44.909925594230934;5.671260975681543;44.91000;5.68000;0;44.90000;5.70000;862;44.90564;5.68030;502;44.91562;5.67944;563;44.87500;5.62500;932;44.88576;5.71207;915;44.92677;5.62500;1074
portes_les_valence;valence;Portes-lès-Valence - Parking des Surfeurs;AROMEHD;Fonctionne par Sud dans l'axe du spot (Légèrement Ouest). A privilégier par vent léger car c'est le plus au Sud de la vallée du Rhône et il profite d'un meilleur venturi;"Se garer sur le ""parking des surfeurs"". Les péniches sont prioritaires! Débris possibles en hiver après les crues!";;;;44.87380121720323;4.862811750639313;44.87000;4.86000;101;44.90000;4.90000;144;44.87067;4.86359;103;44.88065;4.86267;140;44.87500;4.87500;163;44.88576;4.87616;173;44.92677;4.92188;209
roche_de_glun;valence;La Roche-de-Glun - Base Nautique;AROMEHD;Fonctionne par Nord ou Nord-Est dans l'axe du spot. Le barage casse le vent par Sud;"Navigation au Nord du barage.;Se garer au parking juste au Nord du club de voile. Les péniches sont prioritaires! Débris possibles en hiver après les crues!";;;;45.01884145257838;4.846972783140066;45.03000;4.84000;116;45.00000;4.90000;145;45.02034;4.84967;118;45.02034;4.84967;121;45.00000;4.87500;296;45.02636;4.89130;205;45.04393;4.92188;208
st_alban_du_rhone;st_alban_du_rhone;Centrale de Saint-Alban-du-Rhône;AROMEHD;Fonctionne par Sud (Plein Sud dans l'axe du Spot). Belles vagues à partir de 25 nds moyen;Accès par le parking de la centrale EDF et stationnement à 5m de la mise à l'eau. Les péniches sont prioritaires! Débris possibles en hiver après les crues!;;;;45.396983209556446;4.75719657265142;45.39000;4.76000;140;45.40000;4.80000;217;45.38689;4.75830;141;45.39686;4.75732;145;45.37500;4.75000;235;45.37785;4.78873;265;45.39537;4.80469;346
pont_de_chavanay;st_alban_du_rhone;Nord du Pont de Chavanay;AROMEHD;Fonctionne par Nord ou Nord-Est dans l'axe du spot. Le pont perturbe le vent du Sud;Mise à l'eau et navigation au Nord du pont. Les péniches sont prioritaires! Débris possibles en hiver après les crues!;;;;45.41476565342513;4.739872519211274;45.42000;4.75000;141;45.40000;4.80000;217;45.41615;4.74121;147;45.43677;4.75354;160;45.37500;4.75000;235;45.37785;4.78873;265;45.39537;4.80469;346
loire_sur_rhone;chasse_sur_rhone;Loire-sur-Rhône / Chasse-sur-Rhône;AROMEHD;Fonctionne par Sud-Est dans l'axe du spot. Spot réputé pour ses vagues car le plus au Nord du Rhône donc fetch important;Les péniches sont prioritaires! Débris possibles en hiver après les crues!;;;;45.56070227003305;4.816472175890687;45.56000;4.82000;170;45.50000;4.90000;262;45.55051;4.82849;200;45.57913;4.79712;164;45.50000;4.87500;284;45.58875;4.81132;265;45.51253;4.80469;313
st_cyr_sur_le_rhone;chasse_sur_rhone;Saint-Cyr-sur-le-Rhône;AROMEHD;Fonctionne par Sud-Ouest dans l'axe du spot. Spot de repli possible quand c'est très fort;Les péniches sont prioritaires! Débris possibles en hiver après les crues!;;;;45.51196142994169;4.85331415621634;45.51000;4.85000;190;45.50000;4.90000;262;45.51191;4.86072;186;45.50062;4.83313;224;45.50000;4.87500;284;45.44815;4.79624;291;45.51253;4.80469;313
st_romain_des_iles;saone;Saint-Romain-des-Iles;AROMEHD;Fonctionne par fort Sud (Plein sud) dans l'axe du spot. Le pont perturbe le vent du Nord;Mise à l'eau au Sud du pont parking sur la mise a l'eau. Les péniches sont prioritaires! Débris possibles en hiver après les crues!;;;;46.187653475148394;4.778383610445412;46.18000;4.78000;169;46.20000;4.80000;190;46.17979;4.78284;176;46.18046;4.79730;173;46.25000;4.75000;434;46.22144;4.73684;277;46.21542;4.80469;260
pont_darciat;saone;Nord du Pont d'Arciat;AROMEHD;Fonctionne par Nord. Le pont perturbe le vent du Sud;Les péniches sont prioritaires! Débris possibles en hiver après les crues!;;;;46.245533403975095;4.8127685097186985;46.25000;4.81000;169;46.20000;4.80000;190;46.25097;4.80505;172;46.24165;4.82037;171;46.25000;4.75000;434;46.22144;4.73684;277;46.21542;4.80469;260
wwmeyzieu;grand_large;Réservoir du Grand Large - Windfoil Windsurf Meyzieu;AROMEHD;Fonctionne par Nord ou par Sud. Spot plat bien pour pratiquer les manoeuvres mais vent irrégulier. Algues l'été si pas de coupe;Ouverture de Mai à Octobre à partir de midi uniquement. Stationnement compliqué les week end arriver en avance ou en deux roues. Hors saison mise à l'eau possible sur le ponton au début de la route;;;;45.78753083252411;4.989165737228334;45.78000;4.98000;0;45.80000;5.00000;215;45.78782;4.97839;0;45.78782;4.97839;193;45.75000;5.00000;211;45.79965;4.97630;233;45.74683;4.92188;214
